<modification>
    <id>Web Links / Resouces</id>
      <version>1.0.0</version>
		   <vqmver>2.1.6</vqmver>
       <author>www.tradeinkenya.com</author>		

<file name="catalog/language/*/common/footer.php">
    <operation>
			<search position="before"><![CDATA[$_['text_manufacturer'] ]]></search>
			<add><![CDATA[
      $_['text_weblinks'] = 'Web Links';
   ]]></add>
	</operation>
</file>	

<file name="catalog/controller/common/footer.php">
    <operation>
			<search position="before"><![CDATA[$this->data['text_manufacturer'] = $this->language->get('text_manufacturer');]]></search>
			<add><![CDATA[
      $this->data['text_weblinks'] = $this->language->get('text_weblinks');
   ]]></add>
	</operation>
    <operation>
			<search position="before"><![CDATA[$this->data['account'] = $this->url->link('account/account', '', 'SSL');]]></search>
			<add><![CDATA[
      $this->data['weblinks'] = $this->url->link('information/weblinksmanager', '', 'SSL');
   ]]></add>
	</operation>	
</file>	

<file name="catalog/view/theme/*/template/common/footer.tpl">
    <operation>
			<search position="before"><![CDATA[<li><a href="<?php echo $manufacturer; ?>"><?php echo $text_manufacturer; ?></a></li>]]></search>
			<add><![CDATA[
      <li><a href="<?php echo $weblinks; ?>"><?php echo $text_weblinks; ?></a></li>
   ]]></add>
	</operation>
</file>		

</modification>